delete from student;
delete from takes;
delete from instructor;
delete from teaches;
insert into student(roll, name) values('09005052', 'SREERAMDAS ROHITH');
insert into takes(roll, course, year, semester, grade) values('09005052','CS626',2014,'Autumn', NULL);
insert into student(roll, name) values('10D070015', 'JADHAV ADITYA AJAY');
insert into takes(roll, course, year, semester, grade) values('10D070015','CS626',2014,'Autumn', NULL);
insert into student(roll, name) values('110040083', 'MRIDUL RAVI JAIN');
insert into takes(roll, course, year, semester, grade) values('110040083','CS626',2014,'Autumn', NULL);
insert into student(roll, name) values('110050006', 'SHUBHAM LALWANI BHARAT');
insert into takes(roll, course, year, semester, grade) values('110050006','CS626',2014,'Autumn', NULL);
insert into student(roll, name) values('110050014', 'SHITAL GODARA');
insert into takes(roll, course, year, semester, grade) values('110050014','CS626',2014,'Autumn', NULL);
insert into student(roll, name) values('110050016', 'KSHITIJ SINGH');
insert into takes(roll, course, year, semester, grade) values('110050016','CS626',2014,'Autumn', NULL);
insert into student(roll, name) values('110050017', 'MEHUL GOYAL');
insert into takes(roll, course, year, semester, grade) values('110050017','CS626',2014,'Autumn', NULL);
insert into student(roll, name) values('110050018', 'ASTHA AGARWAL');
insert into takes(roll, course, year, semester, grade) values('110050018','CS626',2014,'Autumn', NULL);
insert into student(roll, name) values('110050019', 'HIMANSHU ROY');
insert into takes(roll, course, year, semester, grade) values('110050019','CS626',2014,'Autumn', NULL);
insert into student(roll, name) values('110050020', 'ANMOL GARG');
insert into takes(roll, course, year, semester, grade) values('110050020','CS626',2014,'Autumn', NULL);
insert into student(roll, name) values('110050023', 'RAHUL SINGHAL');
insert into takes(roll, course, year, semester, grade) values('110050023','CS626',2014,'Autumn', NULL);
insert into student(roll, name) values('110050027', 'NISHEETH LAHOTI');
insert into takes(roll, course, year, semester, grade) values('110050027','CS626',2014,'Autumn', NULL);
insert into student(roll, name) values('110050029', 'HARDIK KOTHARI');
insert into takes(roll, course, year, semester, grade) values('110050029','CS626',2014,'Autumn', NULL);
insert into student(roll, name) values('110050031', 'AVNEESH KUMAR');
insert into takes(roll, course, year, semester, grade) values('110050031','CS626',2014,'Autumn', NULL);
insert into student(roll, name) values('110050040', 'SHIRISH KUMAR NAMDEO');
insert into takes(roll, course, year, semester, grade) values('110050040','CS626',2014,'Autumn', NULL);
insert into student(roll, name) values('110050042', 'VIVEK AGARWAL');
insert into takes(roll, course, year, semester, grade) values('110050042','CS626',2014,'Autumn', NULL);
insert into student(roll, name) values('110050044', 'VED RATN DIXIT');
insert into takes(roll, course, year, semester, grade) values('110050044','CS626',2014,'Autumn', NULL);
insert into student(roll, name) values('110050050', 'NIMMADA TARUN RAJ');
insert into takes(roll, course, year, semester, grade) values('110050050','CS626',2014,'Autumn', NULL);
insert into student(roll, name) values('110050051', 'YEDDU VAMSIDHAR');
insert into takes(roll, course, year, semester, grade) values('110050051','CS626',2014,'Autumn', NULL);
insert into student(roll, name) values('110050054', 'BANOTH RAMA KRISHNA');
insert into takes(roll, course, year, semester, grade) values('110050054','CS626',2014,'Autumn', NULL);
insert into student(roll, name) values('110050055', 'ANIRUDH V');
insert into takes(roll, course, year, semester, grade) values('110050055','CS626',2014,'Autumn', NULL);
insert into student(roll, name) values('110050056', 'NORI NISHANT');
insert into takes(roll, course, year, semester, grade) values('110050056','CS626',2014,'Autumn', NULL);
insert into student(roll, name) values('110050060', 'KOTHA VINOD REDDY');
insert into takes(roll, course, year, semester, grade) values('110050060','CS626',2014,'Autumn', NULL);
insert into student(roll, name) values('110050061', 'BONAGIRI SACHIN CHANDRA');
insert into takes(roll, course, year, semester, grade) values('110050061','CS626',2014,'Autumn', NULL);
insert into student(roll, name) values('110050064', 'AVINASH PALAPARTHI');
insert into takes(roll, course, year, semester, grade) values('110050064','CS626',2014,'Autumn', NULL);
insert into student(roll, name) values('110050072', 'SENAPATHI VIJAY');
insert into takes(roll, course, year, semester, grade) values('110050072','CS626',2014,'Autumn', NULL);
insert into student(roll, name) values('110050074', 'THUMMALA PRADEEP KUMAR');
insert into takes(roll, course, year, semester, grade) values('110050074','CS626',2014,'Autumn', NULL);
insert into student(roll, name) values('110050077', 'CHALLA VIKASH');
insert into takes(roll, course, year, semester, grade) values('110050077','CS626',2014,'Autumn', NULL);
insert into student(roll, name) values('110050078', 'THIPIREDDY BHARGAVA REDDY');
insert into takes(roll, course, year, semester, grade) values('110050078','CS626',2014,'Autumn', NULL);
insert into student(roll, name) values('110050080', 'ARUN PRABHAKARAN');
insert into takes(roll, course, year, semester, grade) values('110050080','CS626',2014,'Autumn', NULL);
insert into student(roll, name) values('110050081', 'JASWANT KUMAR');
insert into takes(roll, course, year, semester, grade) values('110050081','CS626',2014,'Autumn', NULL);
insert into student(roll, name) values('110050082', 'J GUNA PRASAAD');
insert into takes(roll, course, year, semester, grade) values('110050082','CS626',2014,'Autumn', NULL);
insert into student(roll, name) values('110050085', 'MOHIT GUPTA');
insert into takes(roll, course, year, semester, grade) values('110050085','CS626',2014,'Autumn', NULL);
insert into student(roll, name) values('110070015', 'SOURABH AGRAWAL');
insert into takes(roll, course, year, semester, grade) values('110070015','CS626',2014,'Autumn', NULL);
insert into student(roll, name) values('110100092', 'RAGHAV GUPTA');
insert into takes(roll, course, year, semester, grade) values('110100092','CS626',2014,'Autumn', NULL);
insert into student(roll, name) values('113050041', 'Khushraj Nanik Madnani');
insert into takes(roll, course, year, semester, grade) values('113050041','CS626',2014,'Autumn', NULL);
insert into student(roll, name) values('120010010', 'DARSH JAIDIP SHAH');
insert into takes(roll, course, year, semester, grade) values('120010010','CS626',2014,'Autumn', NULL);
insert into student(roll, name) values('120040005', 'SIDDHARTHA KUMAR DUTTA');
insert into takes(roll, course, year, semester, grade) values('120040005','CS626',2014,'Autumn', NULL);
insert into student(roll, name) values('120050002', 'JAIN SHUBHAM ANILKUMAR');
insert into takes(roll, course, year, semester, grade) values('120050002','CS626',2014,'Autumn', NULL);
insert into student(roll, name) values('120050003', 'SHIROLKAR ANURAG RAJESH');
insert into takes(roll, course, year, semester, grade) values('120050003','CS626',2014,'Autumn', NULL);
insert into student(roll, name) values('120050005', 'AAKASH SAMEER DESHPANDE');
insert into takes(roll, course, year, semester, grade) values('120050005','CS626',2014,'Autumn', NULL);
insert into student(roll, name) values('120050008', 'ABHISHEK S THAKUR');
insert into takes(roll, course, year, semester, grade) values('120050008','CS626',2014,'Autumn', NULL);
insert into student(roll, name) values('120050009', 'DEEPANJAN KUNDU');
insert into takes(roll, course, year, semester, grade) values('120050009','CS626',2014,'Autumn', NULL);
insert into student(roll, name) values('120050010', 'PALASH RAJENDRA KALA');
insert into takes(roll, course, year, semester, grade) values('120050010','CS626',2014,'Autumn', NULL);
insert into student(roll, name) values('120050013', 'PRATEESH GOYAL');
insert into takes(roll, course, year, semester, grade) values('120050013','CS626',2014,'Autumn', NULL);
insert into student(roll, name) values('120050014', 'ROYAL JAIN');
insert into takes(roll, course, year, semester, grade) values('120050014','CS626',2014,'Autumn', NULL);
insert into student(roll, name) values('120050015', 'DEPEN MORWANI');
insert into takes(roll, course, year, semester, grade) values('120050015','CS626',2014,'Autumn', NULL);
insert into student(roll, name) values('120050019', 'PRATYAKSH SHARMA');
insert into takes(roll, course, year, semester, grade) values('120050019','CS626',2014,'Autumn', NULL);
insert into student(roll, name) values('120050022', 'JAYESH BAGERIYA');
insert into takes(roll, course, year, semester, grade) values('120050022','CS626',2014,'Autumn', NULL);
insert into student(roll, name) values('120050030', 'AMAN GOUR');
insert into takes(roll, course, year, semester, grade) values('120050030','CS626',2014,'Autumn', NULL);
insert into student(roll, name) values('120050032', 'DEEPENDRA PATEL');
insert into takes(roll, course, year, semester, grade) values('120050032','CS626',2014,'Autumn', NULL);
insert into student(roll, name) values('120050035', 'NITIN CHANDROL');
insert into takes(roll, course, year, semester, grade) values('120050035','CS626',2014,'Autumn', NULL);
insert into student(roll, name) values('120050042', 'PRATEEK CHANDAN');
insert into takes(roll, course, year, semester, grade) values('120050042','CS626',2014,'Autumn', NULL);
insert into student(roll, name) values('120050044', 'MANOHAR KUMAR');
insert into takes(roll, course, year, semester, grade) values('120050044','CS626',2014,'Autumn', NULL);
insert into student(roll, name) values('120050051', 'KOTA VENKATA DINESH');
insert into takes(roll, course, year, semester, grade) values('120050051','CS626',2014,'Autumn', NULL);
insert into student(roll, name) values('120050052', 'J V S SHYAM');
insert into takes(roll, course, year, semester, grade) values('120050052','CS626',2014,'Autumn', NULL);
insert into student(roll, name) values('120050056', 'RALLABANDI SASI BHUSHAN BHARADWAJ');
insert into takes(roll, course, year, semester, grade) values('120050056','CS626',2014,'Autumn', NULL);
insert into student(roll, name) values('120050061', 'KALMEKOLANU DHEERAJ REDDY');
insert into takes(roll, course, year, semester, grade) values('120050061','CS626',2014,'Autumn', NULL);
insert into student(roll, name) values('120050078', 'VENKATA GANGADHAR KANCHU');
insert into takes(roll, course, year, semester, grade) values('120050078','CS626',2014,'Autumn', NULL);
insert into student(roll, name) values('120050085', 'PARAMDEEP SINGH');
insert into takes(roll, course, year, semester, grade) values('120050085','CS626',2014,'Autumn', NULL);
insert into student(roll, name) values('120050087', 'BIJOY SINGH KOCHAR');
insert into takes(roll, course, year, semester, grade) values('120050087','CS626',2014,'Autumn', NULL);
insert into student(roll, name) values('120260013', 'ADARSH KUMAR');
insert into takes(roll, course, year, semester, grade) values('120260013','CS626',2014,'Autumn', NULL);
insert into student(roll, name) values('120260028', 'BALAGOPAL K S');
insert into takes(roll, course, year, semester, grade) values('120260028','CS626',2014,'Autumn', NULL);
insert into student(roll, name) values('123059006', 'Gorijala Mohana Krishna');
insert into takes(roll, course, year, semester, grade) values('123059006','CS626',2014,'Autumn', NULL);
insert into student(roll, name) values('133050052', 'Abhishek Kushwaha');
insert into takes(roll, course, year, semester, grade) values('133050052','CS626',2014,'Autumn', NULL);
insert into student(roll, name) values('133050060', 'Ravi Kumar Yadav');
insert into takes(roll, course, year, semester, grade) values('133050060','CS626',2014,'Autumn', NULL);
insert into student(roll, name) values('133050095', 'Deepak Babu Sam');
insert into takes(roll, course, year, semester, grade) values('133050095','CS626',2014,'Autumn', NULL);
insert into student(roll, name) values('133059001', 'Mullasseril Murukesh Mohanan');
insert into takes(roll, course, year, semester, grade) values('133059001','CS626',2014,'Autumn', NULL);
insert into student(roll, name) values('133059007', 'Sushant Mahajan');
insert into takes(roll, course, year, semester, grade) values('133059007','CS626',2014,'Autumn', NULL);
insert into student(roll, name) values('133059010', 'Gaikwad Pankaj Sanjay');
insert into takes(roll, course, year, semester, grade) values('133059010','CS626',2014,'Autumn', NULL);
insert into student(roll, name) values('134310001', 'Arnab Muhuri');
insert into takes(roll, course, year, semester, grade) values('134310001','CS626',2014,'Autumn', NULL);
insert into student(roll, name) values('143050001', 'Sahil Singh');
insert into takes(roll, course, year, semester, grade) values('143050001','CS626',2014,'Autumn', NULL);
insert into student(roll, name) values('143050002', 'Sarda Saurabh Gopal');
insert into takes(roll, course, year, semester, grade) values('143050002','CS626',2014,'Autumn', NULL);
insert into student(roll, name) values('143050005', 'Surya Kant Agarwal');
insert into takes(roll, course, year, semester, grade) values('143050005','CS626',2014,'Autumn', NULL);
insert into student(roll, name) values('143050006', 'Apoorv Aggarwal');
insert into takes(roll, course, year, semester, grade) values('143050006','CS626',2014,'Autumn', NULL);
insert into student(roll, name) values('143050007', 'Prerana Singhal');
insert into takes(roll, course, year, semester, grade) values('143050007','CS626',2014,'Autumn', NULL);
insert into student(roll, name) values('143050009', 'Vaibhav Tripathi');
insert into takes(roll, course, year, semester, grade) values('143050009','CS626',2014,'Autumn', NULL);
insert into student(roll, name) values('143050011', 'Amit Das');
insert into takes(roll, course, year, semester, grade) values('143050011','CS626',2014,'Autumn', NULL);
insert into student(roll, name) values('143050014', 'Ahmar Mohammad Hashmi');
insert into takes(roll, course, year, semester, grade) values('143050014','CS626',2014,'Autumn', NULL);
insert into student(roll, name) values('143050015', 'Sougata Singha');
insert into takes(roll, course, year, semester, grade) values('143050015','CS626',2014,'Autumn', NULL);
insert into student(roll, name) values('143050020', 'Aman Jain');
insert into takes(roll, course, year, semester, grade) values('143050020','CS626',2014,'Autumn', NULL);
insert into student(roll, name) values('143050021', 'Prerna Gupta');
insert into takes(roll, course, year, semester, grade) values('143050021','CS626',2014,'Autumn', NULL);
insert into student(roll, name) values('143050022', 'Akshay Arun Bapat');
insert into takes(roll, course, year, semester, grade) values('143050022','CS626',2014,'Autumn', NULL);
insert into student(roll, name) values('143050023', 'Vidya Sagar Kushwaha');
insert into takes(roll, course, year, semester, grade) values('143050023','CS626',2014,'Autumn', NULL);
insert into student(roll, name) values('143050024', 'Sandip Ghoshal');
insert into takes(roll, course, year, semester, grade) values('143050024','CS626',2014,'Autumn', NULL);
insert into student(roll, name) values('143050025', 'Jatin Khurana');
insert into takes(roll, course, year, semester, grade) values('143050025','CS626',2014,'Autumn', NULL);
insert into student(roll, name) values('143050028', 'Chavan Harshad Prakash Sneha');
insert into takes(roll, course, year, semester, grade) values('143050028','CS626',2014,'Autumn', NULL);
insert into student(roll, name) values('143050035', 'Manish Ahuja');
insert into takes(roll, course, year, semester, grade) values('143050035','CS626',2014,'Autumn', NULL);
insert into student(roll, name) values('143050036', 'Patil Deepak Chandrakant Vijaya');
insert into takes(roll, course, year, semester, grade) values('143050036','CS626',2014,'Autumn', NULL);
insert into student(roll, name) values('143050040', 'Shah Samkit Hirenbhai');
insert into takes(roll, course, year, semester, grade) values('143050040','CS626',2014,'Autumn', NULL);
insert into student(roll, name) values('143050043', 'Vitobha M');
insert into takes(roll, course, year, semester, grade) values('143050043','CS626',2014,'Autumn', NULL);
insert into student(roll, name) values('143050044', 'Anshul Agarwal');
insert into takes(roll, course, year, semester, grade) values('143050044','CS626',2014,'Autumn', NULL);
insert into student(roll, name) values('143050045', 'Prakhar Gupta');
insert into takes(roll, course, year, semester, grade) values('143050045','CS626',2014,'Autumn', NULL);
insert into student(roll, name) values('143050048', 'Saurabh Jain');
insert into takes(roll, course, year, semester, grade) values('143050048','CS626',2014,'Autumn', NULL);
insert into student(roll, name) values('143050049', 'Souvik Sinha Deb');
insert into takes(roll, course, year, semester, grade) values('143050049','CS626',2014,'Autumn', NULL);
insert into student(roll, name) values('143050052', 'Nanda Kumar A.');
insert into takes(roll, course, year, semester, grade) values('143050052','CS626',2014,'Autumn', NULL);
insert into student(roll, name) values('143050060', 'Mohit Sirohi');
insert into takes(roll, course, year, semester, grade) values('143050060','CS626',2014,'Autumn', NULL);
insert into student(roll, name) values('143050067', 'Priya Praveen');
insert into takes(roll, course, year, semester, grade) values('143050067','CS626',2014,'Autumn', NULL);
insert into student(roll, name) values('143050071', 'Murali S');
insert into takes(roll, course, year, semester, grade) values('143050071','CS626',2014,'Autumn', NULL);
insert into student(roll, name) values('143050076', 'Ashutosh Kumar Yadav');
insert into takes(roll, course, year, semester, grade) values('143050076','CS626',2014,'Autumn', NULL);
insert into student(roll, name) values('143050081', 'Teltumde Priyanka Rashtrapal');
insert into takes(roll, course, year, semester, grade) values('143050081','CS626',2014,'Autumn', NULL);
insert into student(roll, name) values('143050082', 'Aurobindo Mondal');
insert into takes(roll, course, year, semester, grade) values('143050082','CS626',2014,'Autumn', NULL);
insert into student(roll, name) values('143050090', 'Nirbhai Singh');
insert into takes(roll, course, year, semester, grade) values('143050090','CS626',2014,'Autumn', NULL);
insert into student(roll, name) values('143050091', 'Gauri Sarjerao Tike');
insert into takes(roll, course, year, semester, grade) values('143050091','CS626',2014,'Autumn', NULL);
insert into student(roll, name) values('143050095', 'Gaurav Kumar');
insert into takes(roll, course, year, semester, grade) values('143050095','CS626',2014,'Autumn', NULL);
insert into student(roll, name) values('143059001', 'Pawar Mandar Mohanrao');
insert into takes(roll, course, year, semester, grade) values('143059001','CS626',2014,'Autumn', NULL);
insert into student(roll, name) values('143059002', 'Kurien Zacharia');
insert into takes(roll, course, year, semester, grade) values('143059002','CS626',2014,'Autumn', NULL);
insert into student(roll, name) values('143059006', 'Yadav Mitali Kailashprasad');
insert into takes(roll, course, year, semester, grade) values('143059006','CS626',2014,'Autumn', NULL);
insert into student(roll, name) values('143059007', 'Ankith M.S.');
insert into takes(roll, course, year, semester, grade) values('143059007','CS626',2014,'Autumn', NULL);
insert into student(roll, name) values('14305R001', 'Eeshan Malhotra');
insert into takes(roll, course, year, semester, grade) values('14305R001','CS626',2014,'Autumn', NULL);
insert into student(roll, name) values('14305R002', 'Sanjeev Muralikrishnan');
insert into takes(roll, course, year, semester, grade) values('14305R002','CS626',2014,'Autumn', NULL);
insert into student(roll, name) values('144050003', 'Satyam');
insert into takes(roll, course, year, semester, grade) values('144050003','CS626',2014,'Autumn', NULL);
insert into student(roll, name) values('144050004', 'Patel Kevin Niranjanbhai');
insert into takes(roll, course, year, semester, grade) values('144050004','CS626',2014,'Autumn', NULL);
insert into student(roll, name) values('144059001', 'Arghya Roy Chaudhuri');
insert into takes(roll, course, year, semester, grade) values('144059001','CS626',2014,'Autumn', NULL);
insert into student(roll, name) values('144080003', 'Devaraja Adiga P');
insert into takes(roll, course, year, semester, grade) values('144080003','CS626',2014,'Autumn', NULL);
--------------------Now Instructor------------
insert into takes(roll, course, year, semester, grade) values('120050003','CS305',2014,'Autumn', NULL);
insert into takes(roll, course, year, semester, grade) values('120050032','CS305',2014,'Autumn', NULL);
insert into instructor values('100','Pushpak Bhattacharya', 'CSE', 1000000, 'Mumbai', 'SIC101');
insert into instructor values('101','Bhaskaran Raman', 'CSE', 1000000, 'Delhi', 'SIC102');
insert into teaches values('100', 'CS626', 2014, 'Autumn');
insert into teaches values('101', 'CS305', 2014, 'Autumn');
